,IP,Port,Https
0,150.129.207.72,30093,no
1,193.29.59.233,80,no
2,134.119.206.107,1080,yes
3,45.11.27.51,3128,no
4,170.155.5.235,8080,no
5,192.140.91.133,50701,9 secs ago
6,110.232.67.42,55443,9 secs ago
7,96.9.77.71,8080,9 secs ago
8,103.215.72.115,55443,9 secs ago
9,20.94.230.158,80,no
10,123.231.221.242,6969,9 secs ago
11,14.207.122.184,8080,9 secs ago
12,212.46.230.102,6969,9 secs ago
13,27.111.45.18,55443,no
14,103.241.109.130,3128,yes
15,46.73.176.209,53281,9 secs ago
16,105.213.135.51,38889,yes
17,69.167.11.97,8118,9 secs ago
18,159.89.196.239,9090,no
19,188.25.15.193,8081,no
20,102.68.129.30,8080,yes
21,176.120.193.111,55443,yes
22,38.94.111.208,80,no
23,101.99.31.69,3128,no
24,103.151.247.138,10001,yes
25,88.198.50.103,8080,no
26,208.67.183.240,80,no
27,134.209.189.42,80,no
28,14.54.27.37,4004,yes
29,206.253.164.110,80,no
30,140.227.238.217,3128,no
31,47.245.12.42,80,no
32,43.154.61.89,59394,yes
33,43.134.196.181,59394,yes
34,43.154.19.217,59394,yes
35,43.154.121.49,59394,yes
36,43.154.159.14,59394,yes
37,43.154.128.104,59394,yes
38,43.154.29.42,59394,yes
39,43.154.128.111,59394,yes
40,43.154.18.175,59394,yes
41,43.154.147.254,59394,yes
42,93.183.223.46,53281,yes
43,158.181.138.19,8081,yes
44,140.227.203.41,3128,yes
45,139.255.129.161,8080,yes
46,54.95.199.79,20004,3 mins ago
47,181.129.183.19,53281,yes
48,85.25.95.117,5566,yes
49,85.25.119.98,5566,yes
50,36.82.190.196,8081,3 mins ago
51,176.56.107.253,61071,yes
52,27.116.51.178,6666,yes
53,77.77.215.6,8080,yes
54,150.129.148.88,35101,yes
55,133.167.121.133,1976,yes
56,47.242.242.32,80,3 mins ago
57,116.105.169.205,4008,yes
58,160.16.222.153,3128,3 mins ago
59,103.80.1.2,80,no
60,94.75.194.110,80,no
61,47.243.135.104,8080,yes
62,160.40.53.208,8118,3 mins ago
63,194.5.193.183,80,no
64,191.96.42.80,8080,no
65,121.1.41.162,111,no
66,81.163.43.56,41258,3 mins ago
67,66.94.120.161,443,yes
68,171.238.88.44,4003,yes
69,104.40.153.131,80,3 mins ago
70,88.198.24.108,8080,no
71,169.57.1.84,8123,yes
72,112.120.42.82,80,no
73,47.88.15.217,80,no
74,201.219.194.184,10001,3 mins ago
75,103.163.139.6,80,yes
76,115.74.137.75,4003,3 mins ago
77,115.76.97.195,4203,3 mins ago
78,20.47.108.204,8888,yes
79,103.96.79.73,8080,no
80,88.99.162.33,5566,no
81,160.16.82.58,3128,yes
82,164.70.64.126,3128,no
83,194.114.128.149,61213,no
84,190.152.17.51,9812,no
85,110.232.86.155,8080,yes
86,117.54.114.97,80,no
87,107.151.182.247,80,no
88,190.122.185.170,999,no
89,41.111.213.190,8080,yes
90,77.238.129.14,55443,no
91,110.165.23.162,80,no
92,71.49.236.123,8081,no
93,47.74.152.29,8888,no
94,20.105.253.176,8080,yes
95,113.160.206.37,55138,no
96,103.130.141.98,8080,no
97,139.162.78.109,3128,no
98,34.145.237.227,80,no
99,176.9.119.170,8080,no
100,1.162.42.70,8080,no
101,181.196.205.250,38178,10 mins ago
102,103.151.246.14,10001,10 mins ago
103,37.59.50.50,8118,10 mins ago
104,34.146.157.204,9090,no
105,103.97.201.119,80,no
106,170.83.60.124,55443,10 mins ago
107,110.74.199.16,63141,10 mins ago
108,110.232.78.55,55667,10 mins ago
109,45.184.155.250,6969,10 mins ago
110,177.184.182.247,3128,10 mins ago
111,190.152.182.150,55443,10 mins ago
112,13.233.9.154,80,10 mins ago
113,35.210.27.183,80,10 mins ago
114,43.129.223.147,38080,10 mins ago
115,181.129.74.58,40667,10 mins ago
116,157.90.251.43,80,10 mins ago
117,103.149.162.194,80,10 mins ago
118,206.253.164.122,80,no
119,144.217.75.65,8800,10 mins ago
120,177.73.16.74,55443,10 mins ago
121,177.82.85.134,3128,10 mins ago
122,206.253.164.198,80,no
123,212.225.137.109,8080,10 mins ago
124,47.243.68.117,8080,10 mins ago
125,103.210.161.198,8998,10 mins ago
126,181.10.230.100,57148,10 mins ago
127,103.255.241.190,55443,yes
128,113.130.126.2,31932,yes
129,79.127.127.139,808,10 mins ago
130,37.157.219.119,3128,10 mins ago
131,197.248.184.157,53281,10 mins ago
132,34.65.131.94,443,10 mins ago
133,133.167.65.45,8080,yes
134,176.9.75.42,8080,no
135,206.253.164.28,80,no
136,103.164.212.18,8088,10 mins ago
137,45.238.220.1,8181,10 mins ago
138,103.166.153.186,8080,10 mins ago
139,47.56.69.11,8000,10 mins ago
140,113.254.102.194,8888,10 mins ago
141,185.61.152.137,8080,10 mins ago
142,45.95.18.102,8118,10 mins ago
143,103.116.172.245,8081,10 mins ago
144,139.99.237.62,80,no
145,140.238.14.138,3128,10 mins ago
146,37.120.194.221,8081,no
147,3.9.34.219,80,10 mins ago
148,51.178.195.49,8080,yes
149,195.154.243.54,80,10 mins ago
150,140.227.199.207,3128,10 mins ago
151,206.253.164.120,80,no
152,206.253.164.101,80,no
153,206.253.164.108,80,no
154,200.58.100.111,80,10 mins ago
155,43.154.13.112,59394,10 mins ago
156,43.154.6.60,59394,10 mins ago
157,200.116.198.131,49422,10 mins ago
158,176.241.89.244,53583,10 mins ago
159,43.154.134.28,59394,yes
160,43.154.44.107,59394,10 mins ago
161,43.154.128.10,59394,yes
162,43.154.22.78,59394,yes
163,43.154.138.203,59394,10 mins ago
164,43.154.19.17,59394,yes
165,43.154.139.98,59394,10 mins ago
166,43.154.138.117,59394,10 mins ago
167,43.154.16.60,59394,10 mins ago
168,2.32.168.174,80,10 mins ago
169,43.154.168.4,59394,10 mins ago
170,101.32.223.241,60080,10 mins ago
171,43.154.127.36,59394,10 mins ago
172,43.154.161.248,59394,10 mins ago
173,103.139.188.84,8080,no
174,190.128.225.115,999,no
175,93.104.210.181,3128,no
176,49.48.51.127,8080,no
177,171.227.205.102,4303,no
178,171.227.220.249,4303,no
179,27.72.89.136,8888,no
180,223.204.201.132,8080,yes
181,121.146.167.17,4001,no
182,134.209.42.113,8899,no
183,202.43.72.201,8080,21 mins ago
184,103.123.64.20,8888,21 mins ago
185,200.199.202.66,8080,21 mins ago
186,82.202.202.2,5001,no
187,12.218.209.130,53281,21 mins ago
188,139.59.1.14,8080,21 mins ago
189,89.171.41.90,6969,21 mins ago
190,187.87.189.252,55443,21 mins ago
191,116.80.84.156,3128,21 mins ago
192,85.25.93.136,5566,21 mins ago
193,103.81.114.182,53281,no
194,164.132.106.217,8087,no
195,110.78.138.37,8080,no
196,36.65.243.115,55443,21 mins ago
197,103.86.187.242,23500,21 mins ago
198,132.145.80.239,8080,21 mins ago
199,83.221.208.217,1981,no
200,150.107.137.25,8080,21 mins ago
201,176.197.95.2,3128,21 mins ago
202,85.25.91.156,5566,21 mins ago
203,103.1.93.184,55443,21 mins ago
204,201.99.66.9,8081,21 mins ago
205,115.241.197.126,80,21 mins ago
206,85.25.117.68,5566,21 mins ago
207,185.20.198.210,22800,21 mins ago
208,103.116.118.226,8080,21 mins ago
209,194.233.69.38,443,yes
210,74.143.245.221,80,21 mins ago
211,23.224.128.101,59394,21 mins ago
212,104.211.29.96,80,21 mins ago
213,216.137.184.253,80,21 mins ago
214,200.116.198.177,35184,21 mins ago
215,103.152.112.118,80,no
216,202.162.232.31,80,no
217,181.198.40.174,999,no
218,103.22.172.38,59458,yes
219,179.118.198.20,3128,yes
220,14.177.236.212,55443,yes
221,84.53.247.204,53281,yes
222,176.110.121.90,21776,22 mins ago
223,103.216.82.18,6666,yes
224,23.254.215.88,10007,22 mins ago
225,5.189.184.6,80,yes
226,213.32.75.88,9300,yes
227,5.133.24.132,8080,no
228,185.243.56.171,14999,yes
229,85.25.119.221,5566,yes
230,103.92.114.2,80,yes
231,103.171.181.119,80,no
232,36.68.251.250,8080,yes
233,176.98.250.30,8080,yes
234,198.167.209.14,8118,no
235,176.56.107.104,33831,yes
236,51.15.85.114,8118,yes
237,103.135.250.215,80,no
238,8.214.7.15,80,no
239,165.154.92.146,8888,yes
240,161.117.87.150,80,no
241,85.25.108.234,5566,yes
242,159.65.69.186,9300,yes
243,223.16.225.81,8888,yes
244,171.247.37.33,15001,yes
245,13.56.208.186,24000,no
246,115.77.226.65,4002,yes
247,65.160.224.144,80,no
248,103.159.194.205,8080,22 mins ago
249,181.205.41.210,7654,22 mins ago
250,195.97.124.164,8080,22 mins ago
251,164.70.72.55,3128,22 mins ago
252,66.85.30.138,80,no
253,172.121.142.137,3128,no
254,142.252.198.86,3128,no
255,142.252.26.234,3128,no
256,115.73.31.94,4004,no
257,104.252.179.4,3128,no
258,141.94.204.125,80,no
259,142.252.223.61,3128,no
260,171.235.167.88,4203,no
261,172.121.142.82,3128,no
262,142.252.26.54,3128,no
263,172.121.142.34,3128,no
264,185.77.221.31,8085,no
265,23.95.49.150,3128,no
266,109.94.172.27,8085,no
267,23.95.190.86,3128,no
268,23.95.183.122,3128,no
269,23.94.73.119,3128,no
270,23.94.247.244,3128,no
271,109.236.52.241,8085,no
272,193.56.72.137,8085,no
273,176.126.111.44,8085,no
274,176.126.111.94,8085,no
275,185.77.220.193,8085,no
276,185.77.221.99,8085,no
277,193.233.82.95,8085,no
278,185.77.221.174,8085,no
279,148.255.93.221,9991,no
280,146.185.204.77,8085,no
281,178.184.118.65,8080,no
282,45.146.131.204,3128,no
283,206.189.53.252,80,no
284,192.177.165.156,3128,no
285,13.235.243.157,80,no
286,192.177.186.231,3128,no
287,45.146.131.180,3128,no
288,156.227.14.145,3128,no
289,192.177.186.87,3128,no
290,192.177.188.194,3128,no
291,192.177.188.164,3128,no
292,142.252.26.180,3128,no
293,193.202.16.69,8085,no
294,109.94.220.245,8085,no
295,108.61.251.126,80,no
296,3.0.166.15,80,no
297,193.56.64.166,8085,no
298,136.0.95.114,3128,no
299,166.88.122.77,3128,no
